{
  "workout": [
    {
      "id": 1,
      "name": "Push-ups",
      "sets": "3",
      "reps": "15"
    },
    {
      "id": 2,
      "name": "Squats",
      "sets": "4",
      "reps": "12"
    },
    {
      "id": 3,
      "name": "Deadlifts",
      "sets": "3",
      "reps": "10"
    },
    {
      "id": 4,
      "name": "Bench Press",
      "sets": "4",
      "reps": "12"
    },
    {
      "id": 5,
      "name": "Pull-ups",
      "sets": "3",
      "reps": "10"
    },
    {
      "id": 6,
      "name": "Lunges",
      "sets": "3",
      "reps": "15"
    },
    {
      "id": 7,
      "sets": "2",
      "name": "Squat",
      "reps": "2"
    },
    {
      "id": 8,
      "sets": "20",
      "name": "Bench",
      "reps": "20"
    },
    {
      "id": 9,
      "sets": "3",
      "name": "becn",
      "reps": "10"
    },
    {
      "id": 10,
      "sets": "3",
      "name": "ads",
      "reps": "3"
    },
    {
      "id": 11,
      "sets": "3",
      "name": "f",
      "reps": "3"
    }
  ]
}